Kata,POS Tag,Frekuensi
riliv,NOUN,297
keren,NOUN,69
kasih,NOUN,139
pengalaman,NOUN,6
pelajaran,NOUN,2
kesehatan,NOUN,36
mental,ADP,69
meditasi,NOUN,150
konselornya,NOUN,4
ramahramah,NUM,1
bagus,ADJ,376
aplikasi,NOUN,433
gak,X,94
cacat,NOUN,1
recommended,NOUN,12
ok,NOUN,26
apk,PROPN,61
membantu,PROPN,483
sekalii,NOUN,1
harii,PROPN,2
membantuku,PROPN,7
bener,PROPN,30
bagys,PROPN,2
temanteman,PROPN,2
ganjalan,NOUN,1
hati,NOUN,17
teratasi,VERB,2
bermanfaat,ADJ,66
kondisi,NOUN,9
terimakasih,ADV,118
semoga,ADV,96
bayak,VERB,1
premium,NOUN,8
menu,NOUN,4
fitur,NOUN,51
beragam,NOUN,2
tenaga,NOUN,1
psikolog,NOUN,68
profesional,ADJ,9
salam,NOUN,3
sehat,ADJ,10
sukses,ADJ,11
menyertai,VERB,1
aamiin,PROPN,3
sukak,PROPN,4
malas,NOUN,2
journaling,NOUN,3
menenangkan,VERB,32
pikiran,NOUN,44
ga,PROPN,99
cerita,NOUN,22
dipeduliin,NOUN,1
thanks,NOUN,38
for,PROPN,18
everything,PROPN,1
puas,VERB,7
curhat,NOUN,117
lengkap,PROPN,9
meringankan,VERB,5
tips,NOUN,2
mengurangi,VERB,14
depresi,NOUN,17
terima,ADJ,94
nyoba,PROPN,12
sleep,PROPN,4
journey,NOUN,5
seneng,PROPN,6
su,NOUN,1
nulis,NOUN,7
kertas,NOUN,1
suka,ADJ,126
mager,NOUN,1
sarana,NOUN,2
kegiatan,NOUN,1
produktif,NOUN,1
tks,PROPN,1
dirumah,NOUN,2
top,PROPN,10
hallo,PROPN,4
mendengar,VERB,2
lelap,NOUN,8
saran,NOUN,41
kualitas,NOUN,6
narator,NOUN,1
ditingkatkan,VERB,9
intonasi,NOUN,1
baca,NOUN,9
penggunaan,NOUN,2
tanda,NOUN,2
suara,NOUN,15
lembut,ADJ,4
tergesagesa,NOUN,1
membaca,VERB,2
teks,NOUN,2
hidup,VERB,19
over,PROPN,2
all,NOUN,4
baguss,NOUN,15
gratis,VERB,63
udah,VERB,96
iniiii,NUM,1
bagu,PROPN,2
jurnal,NOUN,13
harian,ADJ,1
jurnalnya,NOUN,2
gitu,NOUN,17
pusing,NOUN,2
mikirin,NOUN,1
pokok,NOUN,3
the,PROPN,14
best,NOUN,8
hp,NOUN,8
thank,NOUN,20
kak,PROPN,17
koq,NOUN,1
tutup,NOUN,2
liat,ADJ,8
riwayat,NOUN,1
konseling,NOUN,63
dealing,NOUN,1
with,VERB,3
issue,NOUN,1
cepat,ADJ,21
mudah,ADJ,40
ka,PROPN,4
makasih,NOUN,45
puasss,PROPN,2
aplikasinya,NOUN,108
menarik,VERB,19
mencari,VERB,11
bantuan,NOUN,11
membayar,VERB,5
ken,NOUN,1
uang,NOUN,9
sulit,ADJ,5
nih,NOUN,16
mudahkan,NOUN,1
maaf,NOUN,13
benarbenar,NUM,6
mendukung,VERB,6
orangorang,NOUN,5
baik,ADJ,2
bnr,PROPN,6
lega,VERB,16
stlah,PROPN,1
ktmu,PROPN,3
dpet,PROPN,1
konselor,NOUN,9
diajak,VERB,1
diskusi,NOUN,2
mnyudutkan,NUM,1
bagussss,PROPN,2
bngttt,NUM,1
kali,ADV,40
pakai,VERB,33
penasaran,NOUN,2
mencoba,VERB,22
mbantu,PROPN,1
sy,PROPN,21
lg,NOUN,15
cemas,VERB,18
menenagkn,NOUN,1
fikiran,NOUN,3
dg,ADP,10
intrusi,NOUN,1
meditasinya,NOUN,23
developer,NOUN,6
ketenangan,NOUN,7
kebahagiaan,NOUN,4
bagussssss,PROPN,2
tau,ADV,40
bilang,VERB,5
bgttt,PROPN,3
app,PROPN,89
bagusss,PROPN,6
meluapkan,VERB,1
emosi,NOUN,20
dr,DET,11
jg,ADV,12
belajar,VERB,9
mengapresiasi,VERB,1
there,NOUN,1
s,NOUN,2
a,NOUN,10
bug,NOUN,4
i,NOUN,24
cant,NOUN,2
regist,PROPN,1
or,PROPN,2
sign,PROPN,7
in,PROPN,22
dicantumkan,VERB,1
nama,NOUN,6
dokter,NOUN,3
usia,NOUN,5
pasien,NOUN,3
capabilitas,NOUN,1
integritas,NOUN,1
berkonsul,NUM,1
rivil,VERB,1
update,NOUN,16
terbaik,ADJ,17
sgt,PROPN,5
konsisten,ADJ,3
cakep,PROPN,2
orang,NOUN,8
tertutup,VERB,2
responnya,NOUN,9
ngebug,VERB,1
buka,NOUN,42
mohon,NOUN,21
perbaiki,NOUN,13
lgi,NUM,4
lumayan,ADV,43
sesi,NOUN,45
pembicara,NOUN,1
tenang,ADJ,79
nyaman,ADJ,28
ku,NOUN,38
panik,NOUN,6
mengikuti,VERB,4
disediakan,VERB,1
bingung,PROPN,9
gimana,NOUN,24
jelasin,NOUN,1
deh,NOUN,43
coba,NOUN,64
dalemnya,NOUN,1
asli,ADJ,3
worth,NOUN,8
it,PROPN,19
versi,NOUN,9
pelit,NOUN,1
tampilan,NOUN,5
arahan,NOUN,2
ribet,NOUN,1
membingungkan,VERB,1
simpel,NOUN,2
easy,NOUN,2
to,PROPN,9
use,PROPN,2
entertain,PROPN,1
karna,ADP,32
semanfaat,PROPN,1
pokonya,NUM,7
good,PROPN,98
aplication,NUM,1
berjalan,VERB,3
melupakan,VERB,1
permasalahan,NOUN,16
dialami,VERB,1
kehidupan,NOUN,8
seharihari,NUM,1
seru,PROPN,7
journal,NOUN,10
isi,NOUN,11
bahasa,NOUN,3
ringan,ADJ,3
mengobrol,VERB,1
teman,NOUN,31
menemani,VERB,3
membaik,VERB,4
menjaga,VERB,9
memperbaiki,VERB,6
bersyukur,VERB,6
hadirnya,VERB,2
rilivsemoga,NOUN,1
bersemangat,ADJ,1
penuh,ADJ,5
syukur,NOUN,2
hidupkukesehatan,NOUN,1
jaga,NOUN,4
terobosan,NOUN,1
masyarakat,NOUN,6
terbuka,ADJ,3
my,PROPN,7
aplikais,PROPN,1
menggunakannya,VERB,2
butuh,VERB,32
penanganan,NOUN,4
sadar,VERB,4
duit,NOUN,5
so,NOUN,15
bertahan,VERB,1
bikin,NOUN,43
inj,NUM,1
bangett,PROPN,12
sangatt,PROPN,3
bermanfaatt,PROPN,1
terimakasihh,NUM,2
pembuat,NOUN,3
berterimakasiih,NOUN,1
menjalankan,VERB,1
n,NOUN,14
gaada,NOUN,4
iklann,NUM,1
harga,NOUN,12
psikolognya,NOUN,18
mahal,ADJ,20
auto,PROPN,5
refresh,NOUN,1
chat,VERB,25
masuk,VERB,40
chatnya,NUM,4
ilmu,NOUN,2
banyaknya,NOUN,1
pilihan,NOUN,12
pilih,NOUN,6
kenyamanan,NOUN,2
apl,PROPN,4
kesulitan,NOUN,6
apresiasi,NOUN,3
berubah,VERB,2
yaa,NOUN,16
loading,PROPN,13
berasa,PROPN,5
temen,NOUN,19
mengarahkan,VERB,2
ttg,NOUN,3
rasakan,VERB,7
tp,NOUN,39
plong,NOUN,1
instannya,PROPN,1
terjangkau,VERB,7
pengen,VERB,7
membentuk,VERB,1
kebiasaan,NOUN,1
mendisiplinkan,NOUN,1
iniii,NOUN,1
terarah,NOUN,1
tim,NOUN,7
dgn,NOUN,18
fungsional,ADJ,1
secret,NOUN,1
book,PROPN,1
hidupku,NOUN,6
fiturnya,NOUN,12
pahami,VERB,2
firtur,NUM,1
eksplore,NOUN,1
mengatasi,VERB,9
kecemasan,NOUN,11
mentalnya,NOUN,2
bintang,NOUN,41
layanan,NOUN,8
mencurahkan,VERB,3
far,NOUN,4
berharap,VERB,6
konten,NOUN,12
engga,NOUN,5
berlangganan,NOUN,6
akses,NOUN,15
gapapa,NUM,3
iklan,NOUN,2
fokus,NOUN,5
aktifitas,NOUN,2
nice,NOUN,22
jelek,PROPN,2
bales,NOUN,15
buang,NOUN,2
setres,NOUN,1
yesel,NOUN,1
donlod,NOUN,1
mood,NOUN,15
tracker,NOUN,3
kacaunya,NOUN,1
grafik,NOUN,1
didiagnosis,VERB,1
bpd,PROPN,1
psikiater,NOUN,3
mantap,PROPN,35
free,NOUN,18
konsul,NOUN,9
kalo,NOUN,40
beli,VERB,17
paket,NOUN,25
alhamdulillah,VERB,24
dipakai,VERB,4
bayar,NOUN,74
menit,NOUN,10
blm,NOUN,20
direspon,VERB,4
keburu,VERB,4
habis,NOUN,8
kesel,NOUN,4
stres,NOUN,19
cocok,ADJ,27
anak,NOUN,4
parah,ADJ,10
menjalani,VERB,9
indah,ADJ,1
you,PROPN,17
psikososial,NOUN,1
rutin,PROPN,3
dsni,NOUN,1
jujur,PROPN,7
derita,NOUN,1
bngt,NOUN,13
backsound,NOUN,1
ny,PROPN,9
klo,ADV,31
tidur,VERB,37
dengerin,NUM,11
dlu,NUM,15
bangettt,NOUN,8
mindfullness,NUM,2
penyelamat,NOUN,2
lihat,VERB,3
youtube,NOUN,1
negara,NOUN,3
menerapkan,VERB,2
pembiasaan,NOUN,1
menulis,VERB,7
diary,NOUN,3
mengerti,VERB,4
manfaatnya,NOUN,4
pertahankan,NOUN,2
maju,VERB,4
mengobati,VERB,2
sukaa,NUM,4
hilang,VERB,8
krn,NOUN,8
trimakasih,NUM,7
mempermudah,VERB,1
pengguna,NOUN,29
perubahanupdate,NUM,1
an,NOUN,5
sebelumny,NOUN,1
feedback,NOUN,2
perubahan,NOUN,7
pemilihanfiltur,NOUN,1
pelan,NOUN,6
sebagus,VERB,4
dipertahankan,VERB,1
sisi,NOUN,1
sngtat,PROPN,1
keluarga,NOUN,5
g,PROPN,9
percaya,VERB,5
memelihara,VERB,1
ciptain,NUM,2
nyenyak,NOUN,8
psikologis,NOUN,4
dilengkapi,VERB,2
musik,NOUN,1
kuharap,NUM,1
kecewa,VERB,23
sdh,NOUN,3
mendownloadnya,NUM,1
ngetik,NOUN,1
ragu,NOUN,2
diarahkan,VERB,1
takut,VERB,7
didalam,ADP,1
si,DET,8
tpi,PROPN,16
cuman,NOUN,5
mke,VERB,1
voucher,NOUN,7
ktnga,NOUN,1
gk,NOUN,31
tolong,NOUN,58
pertma,NOUN,1
kli,NUM,3
gampang,ADV,10
overthinking,NUM,8
materinya,NOUN,2
first,PROPN,3
online,ADJ,10
counseling,PROPN,2
this,PROPN,12
very,PROPN,8
helpful,NUM,2
bnget,NOUN,7
kerennn,NUM,2
pingin,VERB,1
sayang,ADV,11
kartu,NOUN,3
credit,NOUN,1
kekurangan,NOUN,3
berpengaruh,VERB,3
bosen,NUM,2
tambahin,NOUN,5
permainan,NOUN,1
agh,NOUN,1
pokoknya,ADV,15
trus,NOUN,9
komunikatif,NOUN,1
mengutarakan,VERB,1
permaslahn,NUM,1
real,PROPN,2
akun,NOUN,11
kena,NOUN,3
lol,PROPN,1
aneh,NOUN,3
instal,NOUN,9
susah,ADJ,21
giliran,NOUN,3
login,NOUN,47
dibetulkan,VERB,1
servernya,NOUN,3
gagal,VERB,47
love,NOUN,15
ngebantu,NOUN,13
pas,ADJ,31
markotop,NOUN,1
bodo,PROPN,1
hafus,NUM,1
sihhh,NOUN,2
terbiasa,VERB,1
hshshs,NUM,1
leren,PROPN,1
sukaaa,PROPN,6
pekerja,NOUN,1
kaya,ADJ,4
cari,NOUN,6
luang,NOUN,1
pergi,VERB,2
tuh,NOUN,4
fleksibel,ADJ,1
ta,PROPN,3
udh,NUM,39
thx,PROPN,3
menumoah,NOUN,1
slama,PROPN,2
tertahan,VERB,1
sertakan,VERB,1
landscape,NOUN,1
dipake,VERB,5
tablet,NOUN,1
ditunggu,VERB,2
swing,NOUN,1
kemarin,NOUN,3
kendala,NOUN,4
mention,NOUN,1
twt,PROPN,1
langsung,ADV,48
ditanggapi,VERB,3
lancar,NOUN,19
jaya,NOUN,3
diperbanyak,VERB,1
rekomendasi,PROPN,1
kerenn,PROPN,4
resechedule,PROPN,1
jadwal,NOUN,7
uninstall,NUM,10
email,NOUN,26
salah,DET,16
klik,NOUN,7
lupa,VERB,15
password,NOUN,5
pin,NOUN,2
d,NOUN,19
kirimkan,NOUN,1
tertulis,ADJ,1
maunya,NOUN,2
pdhl,NOUN,6
berlangganannya,PROPN,2
smpe,PROPN,1
trlanjur,PROPN,1
rb,PROPN,11
terpakai,VERB,1
payah,NOUN,8
loadingnya,PROPN,7
berbeda,ADJ,3
contohnya,NOUN,2
sisanya,NOUN,1
donlot,PROPN,1
melwngkapi,PROPN,1
data,NOUN,12
feed,NOUN,1
back,NOUN,1
kapn,NOUN,1
konsultasinya,PROPN,3
memahami,VERB,6
pribadi,ADJ,12
memiliki,VERB,14
serverjaringan,NUM,1
kecepatan,NOUN,1
jaringan,NOUN,17
normal,ADJ,2
membuka,VERB,1
lambat,ADJ,2
gabisa,NUM,18
daftar,NOUN,44
succes,NOUN,1
mah,NOUN,6
diperbaiki,VERB,14
recomended,PROPN,8
psikis,NOUN,3
untukmu,VERB,1
solusi,NOUN,33
jalan,NOUN,6
pd,NOUN,4
rumah,NOUN,7
trimaksih,PROPN,2
bertemu,VERB,2
terbantu,VERB,12
health,NOUN,3
konselin,VERB,2
harganya,NOUN,5
ramah,ADJ,3
kantoongg,NOUN,1
solusinyaa,PROPN,1
ngelag,NUM,4
at,PROPN,1
least,NOUN,1
mediasi,NOUN,3
perasaan,NOUN,9
beban,NOUN,12
berkurang,VERB,9
membatu,PROPN,2
menurutku,NOUN,2
banyam,NOUN,1
eror,NOUN,17
burnout,PROPN,2
proses,NOUN,20
loadnya,NOUN,1
lamaaaaaaaaa,NUM,1
oke,NOUN,12
tiba,VERB,4
ngga,X,11
menerima,VERB,4
respons,NOUN,2
akuu,NOUN,1
terkadang,ADV,8
sedih,NOUN,7
senang,ADJ,11
menemukan,VERB,10
jawabannya,NOUN,7
disinii,NOUN,1
hehe,PROPN,4
merilekskan,NOUN,2
bufferingnya,PROPN,1
tulisan,NOUN,14
welcome,NOUN,1
ahli,NOUN,4
kadang,ADV,8
berat,ADJ,3
membuatku,NOUN,4
tersakiti,NOUN,1
beratku,NUM,1
kedepannya,VERB,14
halo,PROPN,7
really,NOUN,4
appreciated,NOUN,1
disayangkan,VERB,2
terusterusan,PROPN,1
un,VERB,2
ganti,NOUN,6
tolonglahh,NOUN,1
menerus,VERB,2
selesai,ADJ,4
google,NOUN,8
muncul,VERB,9
pesan,NOUN,11
gbisa,PROPN,1
pembayaran,NOUN,16
cmn,PROPN,1
doang,PROPN,6
plis,PROPN,2
njayy,PROPN,1
gbisaa,PROPN,1
ortu,NOUN,2
mn,PROPN,1
ngizinin,PROPN,1
dikiranys,NOUN,1
alay,PROPN,1
bersamangat,PROPN,1
ber,NOUN,2
efek,NOUN,3
mentalku,NOUN,2
berantakan,NOUN,2
indonesia,PROPN,6
tersedia,VERB,2
pake,VERB,45
journalnya,NOUN,2
menambah,VERB,6
harinya,NOUN,2
job,NOUN,6
pengendalian,NOUN,1
platform,NOUN,2
psikologi,NOUN,9
spesifik,ADJ,1
pelajar,NOUN,5
apknya,PROPN,6
bantuannya,NOUN,7
dikit,NOUN,6
menyelesaikan,VERB,8
ucapkan,NOUN,2
tracking,NOUN,1
messi,PROPN,1
pakenya,NOUN,1
kenya,PROPN,1
post,NOUN,4
if,NOUN,1
vibes,NOUN,1
keknya,PROPN,1
error,PROPN,15
pencet,PROPN,3
next,PROPN,2
menghadapi,VERB,7
harihari,PROPN,1
penemu,NOUN,1
kontributor,NOUN,1
berterima,VERB,4
berkat,VERB,8
baikbaik,NUM,2
bahagia,NOUN,6
selalu,ADV,1
baikk,PROPN,1
lbh,NOUN,6
semangatsemangat,PROPN,1
masukan,NOUN,12
tmndoi,NUM,1
privacy,PROPN,2
terungkap,VERB,1
applikasi,NOUN,4
bicarain,VERB,1
emosinya,NOUN,2
nggk,NOUN,6
sistem,NOUN,1
kesal,VERB,2
hai,X,9
metode,NOUN,5
kreditdebit,NOUN,1
disaat,NOUN,5
gapunya,NOUN,2
menyediakannnya,NOUN,1
sara,PROPN,1
menghakimi,VERB,2
pelayanan,NOUN,5
pengalamannya,NOUN,2
menyenangkan,ADJ,7
mengurai,VERB,1
cerna,NOUN,1
fiturfiturnya,PROPN,5
mengontrol,VERB,6
sayangnya,ADV,10
memakai,VERB,4
manfaat,NOUN,3
penggunanya,NOUN,4
m,NOUN,2
confused,NOUN,1
about,PROPN,1
what,NOUN,3
give,NOUN,1
review,VERB,2
but,NOUN,4
main,VERB,1
thing,NOUN,1
is,PROPN,10
that,PROPN,1
application,NOUN,2
useful,NOUN,3
me,PROPN,10
who,PROPN,2
experiencing,NOUN,1
decline,NUM,1
aktivitas,NOUN,2
positif,ADJ,11
tingkatkan,NOUN,6
benar,ADJ,4
semalam,NOUN,2
paginya,NOUN,1
kewarasan,PROPN,2
bantu,NOUN,19
penderita,NOUN,1
maaggerd,NOUN,1
mengenal,VERB,6
menuangkan,VERB,1
dirasakan,VERB,3
berbayar,PROPN,40
responya,PROPN,1
rileks,NOUN,9
kebanyakan,NOUN,4
gtu,NUM,2
sm,PROPN,2
appnya,PROPN,5
penuntun,NOUN,1
pemeditasi,NOUN,1
oemula,PROPN,1
mencapai,VERB,2
sebenernya,VERB,5
knp,PROPN,6
kaka,PROPN,1
room,NOUN,1
fb,PROPN,2
klw,PROPN,1
menangani,VERB,1
despresi,NOUN,1
tdk,VERB,14
mbak,PROPN,4
febian,PROPN,1
membatuku,NUM,1
wish,NOUN,1
and,PROPN,7
much,NOUN,5
hiiiii,PROPN,1
mengalami,VERB,9
gangguan,NOUN,7
mna,PROPN,1
menyalah,PROPN,1
tetep,NOUN,8
semangat,NOUN,14
sobat,NOUN,1
warm,PROPN,1
greetings,PROPN,1
everyone,PROPN,1
jam,NOUN,23
seharian,NOUN,5
ampe,NOUN,1
dibales,NOUN,10
suasana,NOUN,3
comfort,PROPN,1
kalut,NOUN,1
bgus,PROPN,4
ngisi,NOUN,2
kayak,NOUN,18
cewek,NOUN,1
cowok,NOUN,1
ayo,NOUN,4
blom,NOUN,3
buruan,NOUN,1
biar,NOUN,36
buggy,PROPN,1
bangettttt,NOUN,1
slalu,PROPN,2
dikasih,VERB,7
onlineku,NUM,1
mantepppp,PROPN,1
diatas,ADP,3
smp,NOUN,3
terpaksa,NOUN,2
delete,NOUN,2
maa,PROPN,1
syaa,NUM,1
allah,PROPN,6
ummat,NOUN,1
u,PROPN,5
sngat,NOUN,3
mmbantu,PROPN,4
sangatsangat,NOUN,1
berbagi,VERB,13
kebaikan,NOUN,2
niscya,NOUN,1
dilipat,VERB,1
gandakan,NUM,1
balasan,NOUN,5
tuhan,NOUN,1
syekali,NUM,1
konsultasi,NOUN,22
inisudh,NOUN,1
paketan,NOUN,1
nyamalah,NUM,1
diperhatikan,VERB,1
memuat,VERB,10
ujungnya,NOUN,2
edit,NOUN,1
aman,ADJ,3
besoknya,NOUN,1
bertuliskan,VERB,1
koneksi,NOUN,7
internet,NOUN,11
lancarlancar,NUM,1
info,NOUN,2
sembuh,VERB,4
buwat,NOUN,1
okey,NOUN,1
sya,NOUN,7
langganan,NOUN,9
berguna,ADJ,26
healing,NOUN,6
dll,NOUN,9
stress,NOUN,32
luangin,NOUN,1
sebentar,NOUN,1
istirahat,NOUN,1
guys,NOUN,5
jd,PROPN,15
ngerasa,NOUN,6
kyk,NOUN,5
perhatian,NOUN,3
down,NOUN,4
aplnya,PROPN,1
ko,PROPN,15
yahh,NUM,1
mulu,PROPN,18
yah,VERB,16
stabil,ADJ,3
kota,NOUN,4
kbupaten,PROPN,1
upgrade,NOUN,3
macet,NOUN,1
test,NOUN,1
apps,NOUN,18
yt,NOUN,1
sampe,VERB,16
game,NOUN,2
lag,NOUN,1
nunggu,VERB,10
sehatsehat,PROPN,1
thankyou,PROPN,2
media,NOUN,2
sosial,NOUN,5
rohani,NOUN,2
menyadari,VERB,4
maksimalkan,NOUN,2
utk,NOUN,13
diriku,NOUN,6
alat,NOUN,3
pembayarannya,NOUN,5
lemot,PROPN,9
kirain,PROPN,9
tulus,PROPN,2
nolong,NOUN,1
ajang,NOUN,1
terimakasi,PROPN,1
mencobanya,VERB,2
penyembuhan,NOUN,2
pemulihan,NOUN,2
melepaskan,VERB,3
muter,NOUN,2
akhirakhir,PROPN,1
apliaksinya,NOUN,1
duh,PROPN,3
mlu,NOUN,1
gbsa,PROPN,2
kebuka,PROPN,4
skli,PROPN,2
gmn,PROPN,8
byar,PROPN,5
aduh,PROPN,1
dibuka,VERB,25
mudahan,VERB,5
berdamai,VERB,1
luka,NOUN,2
masalalu,NUM,1
aksesnya,NOUN,1
sesuai,ADJ,5
kebutuhan,NOUN,6
mantab,PROPN,2
perbanyak,PROPN,2
pikiranku,NOUN,4
kawan,NOUN,6
batas,NOUN,4
mengelola,VERB,4
mengenali,VERB,3
mendadak,NOUN,2
log,NOUN,16
out,NOUN,2
otomatis,ADJ,4
membutuhkan,VERB,14
batin,NOUN,2
stes,NOUN,1
mengganggu,VERB,2
fikirannya,NUM,1
fasilitas,NOUN,1
aaa,PROPN,1
beruntung,ADJ,1
kenal,VERB,3
thanksss,PROPN,3
rilivvv,PROPN,1
deprsi,NOUN,1
frustasi,NOUN,2
menghantui,VERB,1
mantep,PROPN,1
pokonyaaaaa,NUM,1
trnyta,NUM,1
tidurku,NOUN,3
kestabilan,NOUN,1
emosiku,NOUN,1
powerfull,PROPN,1
kepribadian,PROPN,1
intj,PROPN,1
bs,VERB,15
dunia,NOUN,6
kerja,NOUN,4
pendidikan,NOUN,1
nyambung,NOUN,1
industri,NOUN,1
organisasi,NOUN,1
klinis,ADJ,1
menjadikan,VERB,1
menikmati,VERB,2
friend,NOUN,1
kuat,ADJ,1
ulasan,PROPN,1
hapus,VERB,5
barusan,NOUN,5
insya,NOUN,1
perlahan,ADV,3
batinku,NOUN,1
konselingnya,NUM,11
late,PROPN,2
reply,NOUN,1
respon,NOUN,36
ditentukan,VERB,1
terpenuhi,VERB,1
transfer,NOUN,7
bgitu,NOUN,1
terang,ADJ,1
apliaksi,NOUN,1
perantara,NOUN,1
kesusahan,NOUN,2
sumber,NOUN,1
masalahku,NOUN,4
tugastugasku,NUM,1
pengembangan,NOUN,2
benerin,VERB,1
secepatnya,NOUN,2
kereeennnn,PROPN,1
trima,NOUN,1
paham,PROPN,1
mendownload,VERB,5
terdaftar,VERB,7
prabayar,NOUN,1
lamban,NOUN,1
dlwd,PROPN,1
ngontrol,NOUN,1
kata,NOUN,2
supportive,NOUN,1
memotivasi,VERB,2
serasa,VERB,4
support,NOUN,11
system,NOUN,1
beneran,NOUN,6
yuk,PROPN,7
kode,NOUN,52
hebcp,NOUN,1
menyukai,VERB,4
jurnaling,NOUN,1
buku,NOUN,1
mengakses,VERB,3
dimanapun,NOUN,3
berkaitan,VERB,1
lbih,NOUN,2
damai,ADJ,7
temani,PROPN,1
hening,NOUN,4
lari,NOUN,1
kemana,NOUN,1
beda,ADJ,3
melakukannya,VERB,1
insomnia,NOUN,1
mantul,PROPN,4
berlatih,VERB,1
merelakan,VERB,1
mengikhlaskan,NOUN,1
kejadiam,NOUN,1
buruk,ADJ,7
menghilangkan,VERB,5
kepalaku,NOUN,1
bercerita,VERB,6
sehabis,VERB,1
code,NOUN,3
brres,NOUN,1
self,PROPN,4
komplit,NOUN,1
pembelajaran,NOUN,3
ikuti,VERB,2
serangkaian,DET,1
menumbuhkan,VERB,1
manajemen,NOUN,2
sedikiit,PROPN,1
dng,NOUN,2
makes,NOUN,1
better,NOUN,6
berpendapat,VERB,1
dikesehatan,NOUN,1
managemen,NOUN,1
menginstall,VERB,1
ulang,NOUN,8
skrg,NOUN,7
barupun,NOUN,1
bsa,NUM,5
rileksasi,NOUN,3
panduan,NOUN,5
rilek,NOUN,1
berani,ADJ,2
aktif,ADJ,4
membanti,PROPN,1
alhamdulilah,NUM,2
berhasil,VERB,4
snang,NOUN,1
tnang,NUM,1
hakimin,NOUN,1
dipahami,VERB,2
membantukeren,NUM,1
nggak,NOUN,21
responsivenya,PROPN,1
diperbaikin,NUM,1
excited,NOUN,1
now,PROPN,1
cm,NOUN,3
latihan,NOUN,1
nambah,VERB,3
penambahan,NOUN,1
kaliya,PROPN,1
sifatnya,NOUN,2
personalprivate,NOUN,1
keep,NOUN,2
up,NOUN,7
work,PROPN,3
team,NOUN,2
mdh,PROPN,1
dibagian,NOUN,1
jurney,NOUN,1
gamau,NUM,1
bis,NOUN,1
tour,NOUN,1
ovo,NUM,1
bad,NOUN,2
dn,NOUN,4
t,NOUN,2
lha,NOUN,1
relax,PROPN,8
disuruh,VERB,13
kaga,PROPN,3
dipilih,VERB,1
eh,NOUN,7
uda,NOUN,5
dibikin,VERB,1
optimal,NOUN,1
pules,NUM,2
niat,NOUN,3
nulisnya,PROPN,1
page,NOUN,2
tap,NOUN,2
pagenya,NOUN,1
kesimpen,VERB,1
ancur,NOUN,1
tanggapannya,NOUN,1
kacau,ADJ,4
janji,NOUN,3
brapa,NOUN,1
cma,PROPN,2
bkn,PROPN,2
brrti,PROPN,1
tnggung,PROPN,1
jwb,PROPN,1
dampingan,NOUN,1
alpikasi,NUM,1
makasihh,PROPN,2
merasakan,VERB,5
hasilnya,NOUN,3
menceritakan,VERB,1
khawatir,VERB,1
membantukode,PROPN,1
refferal,PROPN,4
ycwxha,PROPN,1
baguuuus,PROPN,1
rilis,NOUN,1
tahap,NOUN,1
dasar,ADJ,5
playnya,NOUN,1
stuck,PROPN,1
sekrang,PROPN,1
knapa,NUM,2
kmana,NUM,1
mengiluti,PROPN,1
program,NOUN,2
vaksin,NOUN,1
covit,PROPN,1
jakarta,PROPN,1
tgl,PROPN,5
juli,PROPN,2
agustus,PROPN,1
penat,NOUN,4
inget,NOUN,2
sabar,NOUN,3
garagara,NUM,2
ngebuat,NOUN,1
bullying,NOUN,1
play,NOUN,3
victim,NOUN,1
option,NOUN,1
pulsa,NOUN,3
bolak,NOUN,1
lfa,NOUN,1
gara,NOUN,7
mengkontrol,NOUN,2
terimahkasih,NOUN,1
amin,PROPN,2
seminggibersma,PROPN,1
sangan,NOUN,1
gatau,PROPN,3
w,NOUN,1
berkualitas,VERB,2
x,NOUN,11
apllikasinya,PROPN,1
sinyal,NOUN,4
marah,VERB,3
sungguh,ADV,4
lelet,PROPN,1
mendengarkan,VERB,3
mengahakimi,NOUN,1
sakitnya,NOUN,1
ngefek,NOUN,1
dpt,NOUN,7
serangan,NOUN,1
ngak,NOUN,3
gegabah,NOUN,1
mksih,NOUN,1
rekomendasiin,PROPN,1
ketemen,PROPN,1
wkwkwk,NUM,3
development,PROPN,1
melepas,VERB,2
halhal,NOUN,2
kmu,PROPN,1
rekomen,PROPN,3
overthingking,PROPN,1
aplikasinyaaa,PROPN,2
bermacam,VERB,1
sesuaikan,NOUN,1
pengembang,NOUN,1
bagusan,PROPN,1
no,PROPN,12
meregulasi,VERB,1
lagii,NOUN,3
ketahui,ADP,1
diupdate,NOUN,3
pencarian,NOUN,2
laman,NOUN,1
artikel,NOUN,4
adakan,NOUN,2
memudahkan,VERB,3
topikartikel,NOUN,1
butuhkan,PROPN,1
thks,PROPN,1
grow,PROPN,1
halah,PROPN,2
gw,PROPN,13
bner,PROPN,3
ngedown,NOUN,1
ama,NOUN,2
agustu,NUM,1
dimajuin,NUM,1
gila,ADJ,1
woy,NOUN,2
orng,PROPN,3
bunuh,VERB,4
tandanya,NOUN,1
situ,NOUN,2
mikir,VERB,2
oliv,PROPN,1
nanya,NOUN,4
trs,NOUN,9
hemat,VERB,1
makek,NOUN,1
penyimpanan,NOUN,3
internal,ADJ,1
sd,NOUN,1
didownload,VERB,4
bntu,NOUN,1
tambahkan,VERB,4
mode,NOUN,4
gelap,ADJ,3
wajib,NOUN,5
jga,NOUN,5
cool,PROPN,4
helping,PROPN,1
gelapnya,NOUN,1
sii,VERB,5
yth,PROPN,1
beralih,VERB,3
berkali,VERB,2
ttp,NOUN,4
full,PROPN,2
woii,PROPN,1
jatuh,VERB,2
cinta,NOUN,4
perkembangan,NOUN,1
sehari,NOUN,7
kelas,NOUN,2
sma,NOUN,5
remaja,NOUN,5
dri,NOUN,7
siang,NOUN,1
lunas,NOUN,1
gmana,NOUN,2
pengembalian,NOUN,1
sahabat,PROPN,1
maya,ADJ,1
introvert,NUM,4
kontak,NOUN,1
dibantu,VERB,4
nerima,PROPN,1
lebib,NOUN,1
melegakan,NOUN,2
sakit,ADJ,5
akibat,CONJ,1
kekerasan,NOUN,1
tetanggasaya,NOUN,1
diagnosis,NOUN,2
rentan,ADJ,1
sungkem,NOUN,2
mengolah,VERB,1
menotivasi,NOUN,1
memountai,NOUN,1
temn,PROPN,1
like,NOUN,5
lain,ADJ,1
merekomendasikan,VERB,2
ya,X,1
aplksi,NOUN,1
mnjdi,NOUN,1
apapun,NOUN,8
dah,NOUN,6
yya,NOUN,1
aplikasia,PROPN,1
bgs,PROPN,6
ccekali,PROPN,1
kenapaa,NUM,3
sumpahhhh,NUM,1
bohong,NOUN,1
lakuin,NUM,1
knpa,PROPN,3
y,PROPN,7
mendaftar,VERB,4
gmail,NOUN,2
min,NOUN,20
hasil,NOUN,2
regis,PROPN,1
mendaftarkan,VERB,2
loh,PROPN,5
gag,NOUN,1
asu,PROPN,1
mo,PROPN,2
ngobatin,NOUN,1
gra,NOUN,1
menciptakan,VERB,3
ad,NOUN,5
referall,NOUN,1
yqavtu,NUM,1
bru,NOUN,2
without,NOUN,1
do,NOUN,1
not,PROPN,3
know,NOUN,1
how,NOUN,1
be,PROPN,2
feeling,NOUN,1
bangeetttt,NUM,1
ak,NOUN,6
tangan,NOUN,2
kakiku,NOUN,2
basah,ADJ,2
lgsg,NOUN,4
nyiptain,NOUN,1
keluh,NOUN,5
kesah,NOUN,5
duka,NOUN,1
dibaca,VERB,3
reminder,NUM,4
instrument,PROPN,1
halmasalah,NUM,1
barangkali,VERB,1
medis,ADJ,2
rekomend,NUM,1
segar,ADJ,1
yoga,NOUN,1
enak,ADJ,10
medetasinya,NUM,1
mng,NUM,1
hlang,NOUN,1
nii,PROPN,1
eicadx,NUM,1
q,VERB,4
nasehat,NOUN,4
masukkan,VERB,4
reveral,NOUN,4
zpbkod,NUM,1
reverral,NUM,1
nxih,PROPN,1
mqwzo,NOUN,1
nenangin,NOUN,4
masukin,NOUN,7
rkvfjr,NOUN,1
apakh,PROPN,1
referal,NOUN,5
wjjoge,NUM,1
buatan,NOUN,1
pobia,NOUN,1
nada,NOUN,1
nenanging,NOUN,1
sepi,NOUN,7
btw,NOUN,7
emang,NOUN,7
benerbener,NOUN,3
harap,PROPN,6
membeli,VERB,3
berbayarnya,NUM,2
ayoo,PROPN,1
referalku,PROPN,2
bqoz,PROPN,1
nikmati,VERB,3
benefit,NOUN,1
mengheal,NOUN,1
pertolongan,NOUN,3
smua,NOUN,3
males,NOUN,3
dikala,NOUN,2
tuntaskan,PROPN,1
inspiratif,ADJ,1
tersambung,VERB,1
mereda,VERB,1
umat,NOUN,1
manusia,NOUN,3
sukaaaaakk,PROPN,1
bangeet,NOUN,3
nyesel,NOUN,11
sabagus,NUM,1
ketiga,NUM,2
setahun,NOUN,2
founder,PROPN,1
staff,PROPN,1
creating,PROPN,1
amazing,PROPN,4
god,PROPN,2
bless,PROPN,1
membantuu,NUM,1
japcso,NOUN,1
membangun,VERB,2
temanku,NOUN,1
siapa,NOUN,1
enteng,NOUN,1
ah,VERB,1
masak,NOUN,2
diharuskan,VERB,1
nyantumin,NOUN,1
nomer,NOUN,1
handphone,NOUN,2
energi,NOUN,1
negatif,ADJ,3
bijak,ADJ,4
odb,PROPN,1
hihi,NUM,2
menyukainya,PROPN,1
ngerasain,VERB,1
memuaskan,VERB,8
kecuali,ADV,1
terlambat,ADJ,1
kesan,NOUN,1
menyalahkan,VERB,1
mending,NOUN,10
untung,NOUN,1
ambil,NOUN,1
rugi,NOUN,2
cus,NOUN,1
smga,NOUN,1
jiwa,NOUN,9
terganggu,VERB,2
anxiety,NOUN,3
disolder,NUM,1
rebahan,NOUN,1
mengisi,VERB,1
kesepian,NOUN,2
berobat,NOUN,1
kebolehan,NOUN,1
terkendala,VERB,1
biaya,NOUN,6
sangat,ADV,4
myself,NOUN,1
more,NOUN,2
untk,PROPN,1
negri,NOUN,2
gmna,PROPN,7
apkah,NOUN,1
via,ADP,5
khusus,ADJ,1
kah,NOUN,5
relatif,ADV,1
memenuhi,VERB,1
perbaikan,NOUN,2
kejiwaanpola,NOUN,1
pikir,VERB,5
seseorang,NOUN,1
gue,X,8
bsnyak,NOUN,1
dibutuhkan,VERB,2
bangeeet,NUM,1
menyesal,NOUN,2
ptsd,NOUN,1
biayanya,NOUN,1
hangat,ADJ,1
makasiii,PROPN,1
fisik,ADJ,2
help,NOUN,2
lot,PROPN,1
nyaa,PROPN,1
huhu,PROPN,3
beraktivitas,VERB,1
seri,NOUN,2
lainya,ADJ,1
sukaaaaa,PROPN,1
mantapppp,NOUN,1
setenang,PROPN,1
senyaman,NOUN,1
baguuus,NOUN,1
membantuuu,NUM,2
nemu,NOUN,4
inii,NUM,2
bibi,NOUN,1
ngurus,PROPN,1
rmh,NUM,1
gtw,PROPN,1
hrs,NUM,5
ketemu,VERB,2
ngeluh,NUM,1
sklh,PROPN,1
family,PROPN,1
macem,PROPN,1
topikny,PROPN,1
ditanyain,PROPN,1
perasaanmu,PROPN,1
disitu,NOUN,2
cuz,NOUN,1
akhirny,PROPN,1
feel,NOUN,3
admin,NOUN,12
diputar,VERB,2
offline,NOUN,7
bgttttt,PROPN,1
luvv,NUM,1
publik,NOUN,1
komentarin,NUM,1
berteman,VERB,2
mengomentarinya,NOUN,1
sekian,NOUN,2
illnes,NOUN,2
alami,ADJ,5
merasakannya,NOUN,1
sebelumya,NOUN,1
gg,PROPN,2
k,NOUN,6
analisis,NOUN,1
quotes,NOUN,1
menerka,NOUN,1
kesell,PROPN,1
menbantu,PROPN,1
ngilangin,NOUN,2
tapiiiii,PROPN,2
rerlalu,NUM,1
menguras,VERB,1
kuota,NOUN,4
nyalain,NOUN,1
cek,NOUN,3
mb,NOUN,1
andai,NOUN,1
jarang,ADV,3
ditemukan,VERB,1
baguuuss,PROPN,1
malam,NOUN,6
donwload,NUM,2
untukku,NOUN,1
berjuang,VERB,1
crisis,PROPN,1
life,PROPN,1
tauny,NOUN,1
menghapus,VERB,2
alarm,NOUN,1
seminggu,NOUN,8
tiymad,NUM,1
meredakan,VERB,2
satunya,DET,4
kepenatan,NOUN,1
kegelisahan,NOUN,1
miliki,NOUN,2
dowload,NUM,1
memulihkan,VERB,2
performa,NOUN,1
yaaa,NOUN,3
variatif,NOUN,1
monoton,NOUN,1
terimaksi,PROPN,1
menikmatinya,NOUN,1
updatean,NUM,1
terbaru,ADJ,2
ll,NOUN,1
appreciate,NOUN,1
inti,NOUN,1
bernafas,NOUN,1
imajinasi,NOUN,1
seandainya,CONJ,2
berkonsultasi,VERB,5
temukan,VERB,1
problem,NOUN,5
menolong,VERB,5
menyerah,VERB,1
bermeditasi,NOUN,2
assalamualaikum,PROPN,2
tekanan,NOUN,1
teratur,ADJ,1
peduli,VERB,3
wassalamualaikum,PROPN,1
wrwb,PROPN,1
diedit,VERB,2
sebelumnyauntuk,NOUN,1
insecure,PROPN,2
bangun,NOUN,1
motivasi,NOUN,6
org,NOUN,10
membacanya,VERB,1
termotivasi,VERB,2
ksh,NUM,5
kek,NOUN,1
hasilny,NOUN,1
uangnya,NOUN,2
hangus,VERB,1
ddigunakan,NOUN,1
pemula,NOUN,1
sumpah,NOUN,5
opsi,NOUN,2
memaafkan,VERB,1
ampuh,NOUN,1
htebest,NOUN,1
ketiduran,NOUN,1
shopeepay,NOUN,2
menghubungkannya,VERB,1
br,NOUN,1
diskon,NOUN,1
th,PROPN,1
thxjjr,NOUN,1
gini,NOUN,7
abis,NOUN,9
denger,NOUN,4
sarannyathx,NOUN,1
berattt,NUM,1
murah,ADJ,8
bulannya,NOUN,1
sanggup,VERB,1
mengeluarkan,VERB,2
menginstal,VERB,1
tujuan,NOUN,2
selamat,ADJ,4
hidupmu,NOUN,1
berusaha,VERB,1
memciptakan,NOUN,1
temenku,NUM,1
bekas,NOUN,1
kalender,PROPN,4
ilanggg,NOUN,1
pengaturan,NOUN,1
struggling,NUM,1
volunteer,NOUN,1
proaktif,NOUN,1
relieving,NOUN,1
sempet,PROPN,2
counselor,NOUN,1
bot,PROPN,1
follow,NOUN,1
questions,NOUN,1
berbobot,VERB,2
konklusi,NOUN,1
sarannya,NOUN,2
mostly,PROPN,1
jualan,NOUN,1
butterfly,PROPN,1
hug,PROPN,1
relieved,PROPN,1
fyi,PROPN,1
nonton,VERB,3
drakor,NOUN,1
kucing,NOUN,1
menjauh,ADJ,1
ajak,NOUN,4
kegundahan,NOUN,1
syukuri,NOUN,1
ujian,NOUN,1
dikendalikan,VERB,1
semenjak,ADP,2
bangetttt,NOUN,1
kasi,NOUN,4
nyari,NOUN,4
banyakk,PROPN,1
usianya,NOUN,1
tulis,VERB,4
permaluin,PROPN,1
alfamart,PROPN,3
rilif,NUM,1
kunjungi,VERB,1
woi,NUM,2
bisaa,NOUN,2
gakbisa,NOUN,1
silahkan,PROPN,2
dicoba,VERB,8
kodeku,NOUN,1
rczepe,NUM,1
referralku,NOUN,1
liivfq,NUM,1
tampilannya,PROPN,3
didalamnya,NOUN,1
rqbjck,NUM,1
ceritain,NUM,1
ni,PROPN,8
berkatakata,VERB,1
kalan,NUM,1
jugaa,NOUN,1
tementemen,NOUN,1
ipxfvs,NUM,1
notifikasi,NOUN,4
reliv,NOUN,1
menghapusnya,VERB,1
persatu,NOUN,1
suaranyaa,PROPN,1
ademm,NUM,1
rating,PROPN,3
du,VERB,1
refeal,NOUN,2
zacrss,NUM,1
audionya,NOUN,1
dibatasi,VERB,3
penyimpanannya,NOUN,1
berlaku,VERB,1
atur,NOUN,2
pernafasan,NOUN,1
alhamdullilah,PROPN,1
krana,PROPN,1
fast,NOUN,6
giving,NOUN,1
motivation,NOUN,1
person,NOUN,2
dibilang,VERB,2
chattingan,NOUN,1
robot,NOUN,1
dapet,NOUN,11
dijawabnya,NOUN,1
ala,ADP,1
kadarnya,NOUN,1
gajadi,NUM,1
remindernya,PROPN,2
dihapus,VERB,1
diatur,VERB,1
akunnya,NOUN,1
hari,NOUN,2
pasang,PROPN,2
pengingat,NOUN,2
apus,PROPN,3
ato,NOUN,1
kdg,NOUN,1
ganggu,PROPN,1
memilih,VERB,1
wifi,NOUN,2
sosmed,NUM,3
merugikan,VERB,1
rescedule,NOUN,1
lelapnya,PROPN,3
insom,PROPN,3
mendingan,NUM,1
jernih,ADJ,6
dimengerti,VERB,1
doank,PROPN,1
dampak,NOUN,1
apa,NOUN,3
mengendalikan,VERB,2
berpikir,NOUN,4
dlm,NOUN,5
trm,PROPN,1
awesome,PROPN,3
jempol,PROPN,3
dipikiran,NUM,1
rilexs,NUM,1
ribu,NOUN,4
gimnaa,PROPN,1
rimender,NOUN,1
berkonsentrasi,VERB,1
prsaan,NOUN,1
kg,NOUN,1
youu,PROPN,1
tiktoknya,NUM,1
sayaa,NOUN,1
makaaasssiihh,NUM,1
jdi,NOUN,8
tenangg,NOUN,1
minusnya,NUM,1
hhi,NUM,1
santai,NOUN,2
sllu,NOUN,3
tiktok,NOUN,3
dwonload,PROPN,1
memutar,VERB,1
byr,NOUN,2
lho,PROPN,1
krna,PROPN,4
seserius,PROPN,1
terapi,NOUN,3
relaks,NOUN,2
ditanggung,VERB,1
thankss,NUM,1
psikiatertp,PROPN,1
bertatap,VERB,2
muka,NOUN,5
apkikasi,NOUN,1
sayadan,NOUN,1
perkenalan,NOUN,3
tingkat,NOUN,3
skalanya,NOUN,1
mba,NOUN,1
stlh,PROPN,2
pulih,VERB,2
bolakbalik,VERB,1
depak,NUM,1
dibenerin,PROPN,1
gan,PROPN,4
ibu,NOUN,2
letih,NOUN,1
keseharian,NOUN,1
itu,DET,1
berkembang,VERB,4
pesat,ADJ,2
recommend,NUM,1
kesannya,PROPN,1
berubahubah,NUM,1
fase,NOUN,1
sesak,NOUN,1
dada,NOUN,1
pengalihan,NOUN,1
karuan,NOUN,1
gunain,NUM,3
efektif,ADJ,2
calmingtrs,NOUN,1
nemenin,NUM,1
lelapada,PROPN,1
try,NOUN,3
luck,NOUN,5
are,PROPN,1
matter,PROPN,1
cowpdi,PROPN,1
kodee,NOUN,1
harapkan,VERB,1
ddcpik,NUM,1
pandemi,NOUN,1
woww,PROPN,1
bnyak,NOUN,5
ngeloading,NOUN,1
rilliv,NOUN,1
dkceig,NOUN,1
haritingkatkan,NOUN,1
terpercaya,ADJ,1
bbrp,NOUN,1
hr,PROPN,2
smlm,NOUN,1
hisa,NUM,1
jpd,NOUN,1
dwldw,NOUN,1
e,NOUN,1
tulisnya,NOUN,1
butuhny,NOUN,1
tztssf,NUM,1
berisik,NOUN,1
knl,PROPN,1
terpengaruh,VERB,1
omongan,NOUN,1
cobalah,PROPN,2
motivasisebagus,NUM,1
bukunya,NOUN,1
install,NOUN,7
rp,PROPN,1
peroleh,NOUN,1
keluarkan,NOUN,1
aplikasiny,NUM,1
ngikutin,PROPN,1
xybhch,PROPN,1
referral,NOUN,6
jxqwba,NUM,1
make,PROPN,4
born,NOUN,1
again,PROPN,1
pagi,NOUN,3
msalnya,NOUN,1
sorenya,NOUN,1
b,NOUN,2
dibawah,ADP,4
audio,NOUN,5
sediakan,NOUN,1
tombol,NOUN,3
terjedajeda,NOUN,1
makasi,PROPN,2
ceria,ADJ,1
berbanding,VERB,1
tatap,NOUN,4
aplilasi,NOUN,1
fohdwn,NUM,1
musiknya,NOUN,1
menyudutkan,VERB,1
berpenghasilan,VERB,2
overall,NOUN,2
aware,NOUN,1
tubuh,NOUN,5
biasaaa,NOUN,1
patut,ADV,2
didukung,VERB,1
yf,PROPN,1
mencintai,VERB,1
apaapa,PROPN,1
mesti,ADV,7
unistall,NUM,1
dikurangin,NOUN,1
suaranya,PRON,1
umur,NOUN,3
gercep,NUM,2
daan,PROPN,1
buru,NOUN,1
lubuk,NOUN,1
terdalam,NOUN,1
ditambah,VERB,7
gratisnya,NOUN,4
well,NOUN,2
bnyk,NOUN,2
terluka,NOUN,1
huhuhu,NUM,1
zanbdz,NOUN,1
reward,PROPN,1
instagram,NOUN,1
mengoba,NOUN,1
harapan,NOUN,2
kearna,NOUN,1
mahasiswa,NOUN,1
lulus,NOUN,1
memikirkan,VERB,2
obatnya,NOUN,1
cra,NOUN,1
penjelasan,NOUN,3
td,NOUN,2
cba,PROPN,1
darurat,ADJ,4
dengartau,NOUN,1
say,NOUN,2
tdr,NOUN,1
smangat,PROPN,1
jgn,NOUN,3
fyzaa,NOUN,1
freenya,PROPN,1
setps,NOUN,1
unlocked,NOUN,1
mengupgrade,VERB,1
have,NOUN,1
day,PROPN,2
curhatnya,NOUN,4
ngerti,VERB,2
mhn,NOUN,1
guud,PROPN,1
apak,NUM,1
awal,ADJ,1
awalny,NOUN,1
tunggu,VERB,3
lama,ADJ,1
naik,VERB,1
dear,PROPN,2
digratiskan,PROPN,2
nya,NOUN,1
dev,PROPN,1
suda,PROPN,1
habispas,PROPN,1
lekas,VERB,1
depannya,NOUN,1
oh,NOUN,4
kodenya,PROPN,3
xjwvyw,NUM,1
terbatas,VERB,1
rongan,NUM,1
hrghwm,PROPN,1
daritadi,PROPN,1
melogin,PROPN,1
aing,NOUN,1
sanggat,NUM,2
melonjak,NOUN,1
bismillah,PROPN,2
wymaft,NUM,1
kekecewaan,NOUN,1
smoga,NOUN,3
berkah,NOUN,2
bagaiman,PROPN,1
pemutar,NOUN,1
berhenti,VERB,3
layar,NOUN,1
ponsel,NOUN,1
mati,NOUN,2
samsung,PROPN,1
as,PROPN,1
perhatiannya,NOUN,1
perbaikannya,NUM,2
gabung,NOUN,3
fenwy,NOUN,1
teruss,PROPN,1
suruh,NOUN,8
whyyy,NUM,1
akulaku,NUM,1
seosgx,NUM,1
bergabung,PROPN,1
tertarik,VERB,3
fiturfitur,PROPN,2
iwgudy,PROPN,1
mari,NOUN,1
yu,NOUN,1
vvip,NOUN,1
minggu,NOUN,4
ngalamin,NUM,1
semurah,NOUN,1
qbvis,NOUN,1
ngerefresh,NOUN,1
mantabb,PROPN,1
dahh,NUM,1
juni,NOUN,1
satupun,NOUN,1
padaku,NOUN,1
tentangku,NOUN,1
menghampiri,VERB,1
nemuin,NUM,3
tes,NOUN,2
warga,NOUN,1
miskin,ADJ,3
diskonnya,NOUN,1
psikologisnya,NOUN,1
gua,NOUN,11
psikologinya,NOUN,1
kompleks,NOUN,1
hahaha,NOUN,2
rilivaku,NUM,1
bawaanya,NOUN,1
besok,NOUN,2
jalanin,NOUN,1
ofbpmm,NUM,1
ter,NOUN,1
mantappppp,NUM,1
bebas,ADJ,2
refereal,NOUN,1
dztarl,NUM,1
parahh,NUM,1
bermakna,VERB,1
xnzjy,NUM,1
didnld,NUM,1
pspbjg,NUM,1
gaiskode,PROPN,1
hxxrao,NOUN,1
meningkatkan,VERB,3
deep,NOUN,1
okluxl,NOUN,1
cepet,NOUN,5
iya,NOUN,2
voucer,NUM,1
ttifiq,PROPN,1
aplikasih,PROPN,1
recomed,NUM,1
caadsi,PROPN,1
ketik,NOUN,4
dijamin,VERB,4
gxnege,PROPN,1
ngaruh,NOUN,1
egpyii,NUM,1
bolmq,PROPN,1
yaaaaa,NUM,1
ttnney,NUM,1
jlnduf,NUM,1
access,PROPN,2
since,NOUN,1
used,NOUN,1
was,PROPN,1
able,NOUN,1
wake,NOUN,1
morning,NOUN,1
making,NOUN,1
kesemuanya,NOUN,1
khususkan,NUM,1
jenis,NOUN,2
seputar,ADP,1
passion,NOUN,1
jurusan,NOUN,1
kuliah,NOUN,1
ohiya,NOUN,1
idtsue,NUM,1
kayaknya,NOUN,3
diliat,VERB,1
reviewnya,NOUN,2
bintangnya,NOUN,3
jnqkhm,NUM,1
yoapbl,PROPN,1
alxisa,PROPN,1
nikmatin,NUM,3
promonya,PROPN,2
soalx,NUM,1
join,PROPN,1
saranin,NUM,2
bisanya,NOUN,2
siangbangun,NUM,1
sore,NOUN,1
lohh,NUM,1
dibatasin,PROPN,1
wwcqyn,NOUN,1
voucherku,NOUN,1
membawa,VERB,3
ysng,NOUN,1
dilanda,VERB,1
menguasai,VERB,1
susana,PROPN,1
gontaganti,NOUN,1
kesukaan,NOUN,1
rilex,NOUN,1
pikirannya,NOUN,1
raga,NOUN,1
oqhckj,PROPN,1
yakss,NUM,1
sepenuhnya,ADJ,1
pendapatan,NOUN,1
dialihkan,VERB,1
permintaanya,NUM,1
diwujudkan,VERB,1
rekomended,PROPN,2
skali,PROPN,1
ikutan,NOUN,1
pke,NUM,1
eimltb,PROPN,1
pgn,PROPN,1
trialnya,NOUN,1
orangnya,NOUN,2
menuntaskan,VERB,1
mohin,NOUN,1
bgyfcq,PROPN,1
km,NOUN,2
dirimu,NOUN,1
paketnya,NOUN,1
merespon,VERB,3
ekspektasi,NOUN,1
junk,PROPN,1
okesip,PROPN,1
direkomendasikan,VERB,2
bamwjg,PROPN,1
promo,NOUN,1
kantuk,NOUN,1
membimbing,VERB,1
nyangka,NOUN,1
sengebantu,NOUN,1
buatku,NOUN,2
bngung,NOUN,1
referensi,NOUN,1
dmn,NOUN,1
yaudah,NOUN,2
isinya,NOUN,1
lengkapp,NOUN,1
oiya,PROPN,2
siii,NUM,1
kalinya,NOUN,1
kedamaian,NOUN,1
relaksasi,NOUN,2
bikini,NOUN,1
addict,NOUN,1
asik,PROPN,5
trutama,NOUN,1
crita,PROPN,2
srg,PROPN,1
putus,PROPN,2
tmbahin,NOUN,1
edited,PROPN,1
diajarin,NOUN,1
nol,NOUN,3
mediator,NOUN,1
obat,NOUN,1
worry,NOUN,1
survive,NOUN,1
lzbibz,NUM,1
dapatkan,PROPN,1
vouchernya,NUM,1
illustrasinya,NOUN,1
negeri,NOUN,2
kalangan,NOUN,2
insomia,NOUN,1
pulas,NOUN,1
gelisah,NOUN,3
pelariannya,NOUN,1
subuh,NOUN,1
ngorok,NUM,1
nuansa,NOUN,1
reccomend,NUM,1
jann,PROPN,1
sipp,PROPN,2
juoss,PROPN,1
gilak,NOUN,1
dirasa,PROPN,1
bintangx,NOUN,1
sugesti,NOUN,1
mengatur,VERB,2
nafas,NOUN,1
kepala,NOUN,1
fiks,PROPN,1
dimana,ADP,1
aka,NOUN,2
crash,PROPN,2
release,NOUN,1
store,NOUN,2
insyaallah,PROPN,1
sngt,PROPN,2
luangkan,PROPN,1
bangetttttt,NUM,2
tambahbanyakin,NOUN,1
even,NOUN,1
am,PROPN,1
open,NOUN,1
season,NOUN,1
still,NOUN,1
pikirkan,NOUN,1
syarat,NOUN,1
ketentuannya,NOUN,1
menyakiti,NOUN,1
sendirijika,PROPN,1
memadai,ADJ,1
mengeluhkan,VERB,1
menitmenit,NOUN,1
terimaksih,NOUN,1
hebat,ADJ,2
rejeki,NOUN,1
user,VERB,13
friendly,VERB,1
pembaruan,NOUN,1
disesuaikan,VERB,1
keliatan,VERB,1
eksis,VERB,1
jadwalnya,NOUN,2
padat,ADJ,1
dilayani,VERB,1
antrean,NOUN,1
mu,PROPN,1
yahhh,PROPN,1
wni,PROPN,1
tinggal,VERB,2
nigeria,PROPN,2
pencerahnnya,PROPN,1
rada,NOUN,1
kusuka,PROPN,1
video,NOUN,3
tbtb,PROPN,1
terlogout,PROPN,1
bacaannya,NOUN,1
succesfull,NOUN,1
reinstall,NOUN,1
oppo,NUM,1
langganannya,NOUN,1
langsun,NOUN,1
sharing,VERB,5
adasangat,PROPN,1
copot,VERB,4
urusan,NOUN,3
alam,NOUN,1
dibandingkan,VERB,3
lainn,NOUN,1
heehe,NOUN,1
tengkyuu,NUM,1
hope,NOUN,1
live,PROPN,1
terimakasiiiih,PROPN,1
tapz,PROPN,1
daftra,PROPN,1
kesalahan,NOUN,2
ngerileksin,NUM,1
harm,NOUN,3
gud,PROPN,1
chatting,VERB,1
your,PROPN,3
heart,NOUN,1
naratornya,NOUN,1
enakan,NOUN,1
badanku,NUM,1
close,NOUN,1
diulang,VERB,2
dicepatin,NOUN,1
menitnya,NUM,1
nanggung,PROPN,1
startup,PROPN,1
mahasiswapelajar,NOUN,1
berbicara,VERB,1
institusi,NOUN,1
merogoh,NOUN,1
maksimal,ADJ,1
uhh,PROPN,1
syg,NOUN,2
sesinya,PROPN,3
sebntr,PROPN,1
refund,NOUN,1
penyampaiannya,NOUN,1
mengecewakan,VERB,1
tertekan,NOUN,2
pertanyaanan,PROPN,1
urgensi,PROPN,1
praktis,ADV,1
disarankan,VERB,1
kronis,NOUN,1
penanganannya,NOUN,1
krusial,NOUN,1
hypno,PROPN,1
digunkan,VERB,1
recommeded,PROPN,1
gejala,NOUN,1
tersendiri,NOUN,1
yaah,NOUN,1
mimpi,NOUN,1
nyata,ADJ,1
tunangan,NOUN,1
ane,PROPN,3
wkwkw,PROPN,2
typo,NOUN,1
maksudnya,NOUN,2
komunikasi,NOUN,1
xxxx,NOUN,1
mancing,NOUN,1
ikan,NOUN,1
tergantung,VERB,1
kuh,PROPN,1
dibawa,VERB,2
zaman,NOUN,1
kerajaan,NOUN,1
non,PROPN,1
pns,NOUN,1
pensiunan,NOUN,1
pegawai,NOUN,1
semarang,PROPN,1
kemanamana,NUM,1
laranglarang,NOUN,1
kakak,NOUN,5
great,PROPN,6
dilu,NOUN,1
ngeluarin,NOUN,3
hargai,NOUN,1
customer,NOUN,3
dibayar,VERB,2
dibalas,VERB,4
terkait,VERB,1
sesibuk,NUM,1
dianggap,VERB,1
ngapain,NOUN,2
menghargai,VERB,1
resah,VERB,2
kog,PROPN,1
gni,PROPN,1
pemakainya,NOUN,1
sni,PROPN,1
tmen,NOUN,1
ide,NOUN,1
fresh,PROPN,1
dikelola,VERB,1
tress,NUM,1
search,PROPN,1
bayaran,VERB,2
tros,NOUN,1
mbois,PROPN,1
sekaliii,NUM,1
mayan,PROPN,3
trial,NOUN,9
pengertian,VERB,1
diatasi,VERB,1
menahap,NOUN,1
status,NOUN,1
kya,NOUN,1
vent,PROPN,1
suoaya,NOUN,1
barunya,NOUN,1
kefokusan,NUM,1
sumpek,NOUN,1
dikurangi,VERB,1
percakapan,NOUN,2
pasilen,NOUN,1
intinya,NOUN,2
kesempatan,NOUN,3
era,NOUN,1
sibuk,ADJ,5
pekerjaan,NOUN,2
menurunkan,VERB,1
kadar,NOUN,1
bara,PROPN,1
its,NOUN,2
inisaat,NOUN,1
alunan,NOUN,1
lagu,NOUN,1
santuy,NUM,1
uxui,PROPN,1
terkesan,VERB,1
calm,NUM,1
pendaftaran,NOUN,1
konfirmasi,NOUN,3
alangkah,NOUN,2
baiknya,NOUN,3
diam,ADJ,1
menunjang,VERB,1
instruksi,NOUN,2
dipertengahan,NOUN,1
persis,ADP,1
pertemuan,NOUN,1
kalonini,NOUN,1
unintall,NUM,1
pendngar,NUM,1
gambar,NOUN,2
angin,NOUN,1
sepoi,NOUN,1
kembangkan,VERB,4
kudu,NOUN,2
save,NOUN,1
history,NOUN,1
informasi,NOUN,2
sejam,NOUN,1
berbekas,NOUN,1
call,PROPN,3
tulisannya,NOUN,2
coming,PROPN,1
soon,NOUN,1
melulu,VERB,1
dikantor,NOUN,1
lo,NOUN,1
pemuda,NOUN,1
pemudi,NOUN,1
anti,NOUN,1
galau,ADJ,6
solid,ADJ,1
berprestasi,VERB,1
matap,PROPN,1
appsnya,PROPN,1
diperluas,VERB,1
jasanya,NOUN,1
mendukunh,NOUN,1
hahaa,PROPN,1
kemudahan,NOUN,1
rbu,NUM,1
mengetik,VERB,3
ijinkan,NOUN,1
singkat,ADJ,3
lebihbaik,PROPN,1
kalilipat,NOUN,1
kelebihannya,NOUN,1
cmiiw,PROPN,1
dimudah,NOUN,1
akhirat,NOUN,2
panjangkan,NOUN,1
dimurahkan,NOUN,1
rezekinya,NOUN,1
kesuksesan,NOUN,1
enjoy,NOUN,1
melayang,PROPN,1
janjinan,NUM,1
kaki,NOUN,1
lebar,ADJ,2
tangepan,NOUN,1
nyampe,NUM,1
ampun,NOUN,1
sejujur,VERB,1
saptu,NUM,1
balas,NOUN,8
udak,PROPN,1
kontek,NOUN,1
gpp,PROPN,1
ikhasin,NUM,1
berpikiran,PROPN,1
menunggu,VERB,1
mengatasinya,NOUN,1
duluaku,NOUN,1
registrasinya,NOUN,1
sh,NOUN,2
pesikolog,NUM,1
ramh,NOUN,1
dikantong,NUM,1
podcast,PROPN,1
kl,PROPN,1
dituntun,VERB,2
step,NOUN,2
by,PROPN,2
mempraktikkan,VERB,1
setting,NOUN,1
place,NOUN,1
tahapannya,NOUN,1
ahlinya,NOUN,1
butuhnya,NUM,1
aj,PROPN,3
sekenanya,PROPN,1
eeh,PROPN,1
terusss,NUM,1
kagak,NOUN,1
piqniq,NOUN,1
uninstal,NUM,5
berencana,VERB,1
paketperkenalan,NOUN,1
djwb,NUM,1
tipe,NOUN,1
ataubx,PROPN,1
bahasnya,NUM,1
suntuk,VERB,2
menawarkan,VERB,2
penawarannya,NOUN,1
posisi,NOUN,1
mata,NOUN,5
najwa,PROPN,4
initapi,NOUN,1
downoad,PROPN,1
tanpa,ADP,1
hrus,NOUN,4
pembuktian,NOUN,1
kinerja,NOUN,1
usul,NOUN,1
rakyat,NOUN,1
awamseharusnya,NOUN,1
konsling,PROPN,1
fisikolognya,NOUN,1
ja,PROPN,2
playanan,PROPN,1
fsikolognya,PROPN,1
uppsssdan,NUM,1
jng,PROPN,1
prnah,PROPN,1
mmbandingkan,NUM,1
dsini,NOUN,1
murahadmib,PROPN,1
melalulu,NOUN,1
aplikas,NOUN,1
sperti,PROPN,1
trjmin,NUM,1
adem,PROPN,1
acara,NOUN,1
kecelik,NOUN,1
fantastis,VERB,1
ba,NOUN,1
bye,PROPN,3
bahas,NOUN,1
diperbarui,VERB,2
jelasbelom,NOUN,1
bayargak,NOUN,1
guna,ADP,1
arek,PROPN,3
suroboyo,PROPN,3
bu,NOUN,2
risma,PROPN,2
bangga,PROPN,1
dadi,PROPN,1
regisrasi,NOUN,1
ngk,PROPN,4
sll,PROPN,1
focus,NOUN,1
kembalikan,NOUN,4
njir,PROPN,1
belabelain,NUM,1
memberanikan,VERB,1
mahalmahal,NOUN,1
baju,NOUN,1
makanan,NOUN,1
happy,NOUN,1
ikhlas,VERB,1
need,NOUN,1
solution,NOUN,1
pay,NOUN,1
janjian,NOUN,1
nyala,NOUN,1
kitanya,NOUN,1
centang,NOUN,1
inggris,NOUN,1
ngasih,NOUN,13
minat,NOUN,1
garbage,PROPN,1
aplikasix,PROPN,1
bacot,NOUN,1
disambut,VERB,1
apalah,PROPN,2
gooddddd,PROPN,1
adain,NOUN,2
gambaran,NOUN,1
tergerak,VERB,1
hatinya,NOUN,1
thats,NOUN,1
ubah,DET,1
atm,NOUN,2
btuh,NUM,1
puts,PROPN,1
asastres,PROPN,1
lyanan,PROPN,1
huh,PROPN,1
before,NOUN,1
mempertimbangkan,VERB,1
kemampuan,NOUN,2
ekonomi,NOUN,3
mayoritas,NOUN,1
kemahalan,NUM,1
ukuran,NOUN,1
gaji,NOUN,1
perbulan,NOUN,1
jta,NOUN,2
kotor,ADJ,1
ekinominya,PROPN,1
seauaikan,NOUN,1
rata,ADJ,1
uud,PROPN,1
kasian,NUM,1
kangen,PROPN,1
sapa,NOUN,2
kemahalaaan,PROPN,1
ditambahin,VERB,1
setuju,VERB,2
lamgsung,VERB,1
komen,NOUN,1
ap,PROPN,1
share,NOUN,1
ditiadakan,VERB,1
baiklah,NOUN,1
harunya,PROPN,1
training,NOUN,1
berkonsultan,PROPN,1
penguna,NOUN,1
minimal,ADJ,1
pendengar,NOUN,1
spikolog,VERB,2
mengubah,VERB,1
hadapan,NOUN,1
dobelll,NUM,1
ratusan,DET,1
sekaran,NOUN,1
sich,PROPN,1
rujit,PROPN,1
baget,NUM,1
daftarerorr,NUM,1
donload,NUM,1
kejebak,PROPN,1
berbajar,NOUN,1
jngn,NOUN,1
bank,NOUN,1
dih,PROPN,1
lagsung,NOUN,1
wkowkokow,NUM,1
pitur,NOUN,1
komentari,PROPN,1
sory,NUM,1
milih,VERB,2
konfr,NOUN,1
balikin,NOUN,1
ntar,NOUN,2
dripada,NOUN,1
reschedule,NOUN,1
line,NOUN,11
read,NOUN,2
trnyata,NOUN,1
maap,NOUN,2
yak,PROPN,1
kecewaaaa,NUM,1
denggan,NOUN,1
memfasilitasi,VERB,2
enggan,NOUN,2
signup,NOUN,1
kampret,PROPN,1
pembohong,PROPN,1
slow,NOUN,4
belom,PROPN,3
dijawab,VERB,1
kayanya,NOUN,1
pengangguran,NOUN,1
bagaimna,NOUN,1
mao,PROPN,2
pie,NOUN,1
mengambil,VERB,2
kesempitan,NUM,1
audrey,PROPN,1
sekolah,NOUN,1
korban,NOUN,1
broken,NOUN,1
home,NOUN,1
darimana,NOUN,1
pakek,PROPN,1
bayr,NOUN,1
gx,NOUN,3
da,NOUN,1
whatsapp,NOUN,1
komunitas,NOUN,4
bls,VERB,4
hubungi,NOUN,1
cs,PROPN,1
low,NOUN,1
budget,NOUN,1
nie,PROPN,1
tw,VERB,1
solusinya,NOUN,3
menghubungi,VERB,2
tanggapan,NOUN,6
chting,NOUN,1
sukaaaaaa,PROPN,2
sharring,NOUN,1
skarng,NOUN,1
dukung,ADJ,2
mai,NOUN,1
consultant,PROPN,1
makan,NOUN,2
curhad,NOUN,1
emg,NOUN,1
ngaji,NOUN,1
karyawan,NOUN,1
wajar,ADJ,1
tidk,NOUN,1
prngguna,NUM,1
menyebalkan,VERB,2
kemapuan,NUM,1
bidang,NOUN,2
tman,NOUN,1
facebook,NOUN,1
rindu,PROPN,1
community,NOUN,2
perbarui,NUM,1
oooh,PROPN,1
uneg,NOUN,3
sebatas,NOUN,1
menyimpan,VERB,1
ungkapin,PROPN,1
memecahkan,VERB,8
pernahsedang,NOUN,1
ditingktkn,NOUN,1
lucu,PROPN,3
bertukar,VERB,2
pendapat,NOUN,4
dehh,NUM,2
inih,VERB,1
teramat,ADV,1
komentar,NOUN,2
gi,NOUN,1
identitas,NOUN,3
terjaga,NOUN,2
tingkatan,NOUN,1
sosialisasi,NOUN,1
expertx,NOUN,1
alo,NUM,1
haha,NOUN,2
jatohnya,NOUN,1
bedanya,NOUN,1
disamarkan,VERB,1
masalhnya,NOUN,1
bgtt,NOUN,1
pesikoloh,NOUN,1
terselesaikan,VERB,1
menyapaikan,PROPN,1
anggota,NOUN,1
trhadap,NOUN,1
statment,NUM,1
tujuannya,NOUN,2
ngajak,NUM,1
pentingberbobot,NOUN,1
dibahas,VERB,1
akrab,NOUN,1
msalah,NOUN,2
cpt,PROPN,2
tkdak,NOUN,1
lantas,CONJ,1
recovery,NOUN,1
notification,PROPN,1
syukurlah,PROPN,1
klienku,NOUN,1
menjawab,VERB,1
bangkit,VERB,1
keterpurukannya,NUM,1
server,DET,4
maintenance,NOUN,7
berpengalaman,VERB,2
ajari,PROPN,1
daftarnya,PROPN,1
gimna,NUM,2
curhatin,NOUN,1
terkirimnya,NUM,1
maintance,PROPN,1
dibukaaa,NUM,1
ngebung,PROPN,1
digosipin,NOUN,1
kebongkar,VERB,1
zzzz,NUM,1
progress,NOUN,1
sedikitn,NOUN,1
kyaaa,PROPN,1
wkwk,PROPN,1
akuuu,PROPN,1
jmpol,PROPN,1
drpd,NUM,1
medsos,NOUN,1
gosip,NOUN,1
tetangga,NOUN,1
privasi,NOUN,4
ganyesel,NOUN,1
downloadnya,PROPN,2
nyelesain,PROPN,1
hehhe,NUM,1
ngirim,PROPN,2
terhenti,NOUN,1
bntang,NOUN,1
ajah,PROPN,1
verivikasi,NOUN,1
kekurangannya,NOUN,3
zombi,NOUN,1
time,PROPN,1
bongkar,VERB,1
yeaay,NUM,1
waw,NOUN,1
response,PROPN,2
pembahasannya,NOUN,1
peringatan,NOUN,1
scedhuled,NOUN,1
maintanance,PROPN,1
digimanain,PROPN,1
terimah,NOUN,1
bermanfat,PROPN,1
ngungkapin,NOUN,1
tempanya,NOUN,1
lu,NOUN,2
instastory,NOUN,1
uy,NOUN,1
ramein,NUM,1
pembahasan,NOUN,1
sukakkk,PROPN,1
limit,NOUN,5
ningkatin,NUM,1
level,PROPN,3
nggabisaa,NUM,1
please,NOUN,3
kemaren,NOUN,1
sip,PROPN,1
rilivnya,NOUN,2
bermasalah,VERB,2
ram,PROPN,2
xiaomi,NOUN,1
redmi,NUM,2
memasang,VERB,1
memakan,VERB,1
dongg,NOUN,1
seriously,NOUN,1
bantuin,NOUN,3
curhatannya,NUM,3
serem,NUM,1
mskipun,NOUN,2
namanya,NOUN,3
sari,PROPN,3
pesen,NOUN,1
hmm,PROPN,1
permasalahanmu,NUM,1
rendah,ADJ,1
lakukan,NOUN,2
block,NOUN,1
anjirrrr,PROPN,1
melatih,VERB,1
dewasa,ADJ,5
kualitasnya,NOUN,1
bang,PROPN,1
voice,NOUN,1
note,VERB,2
berinteraksi,VERB,1
manapun,NOUN,1
sukaaakk,PROPN,1
siiiiiiiiiip,NOUN,1
ngomong,NOUN,2
thansk,PROPN,1
selebih,PROPN,1
bayus,PROPN,1
usernya,NOUN,2
sistemnya,NOUN,1
kegalauan,NOUN,2
ikon,NOUN,1
kebingungan,NOUN,1
longin,NUM,1
perbaruan,NOUN,1
connection,NOUN,4
found,NOUN,2
story,NOUN,1
paystore,PROPN,1
nyuruh,PROPN,1
last,NOUN,1
version,ADP,1
waras,VERB,1
pak,NOUN,1
membukanya,VERB,1
digunain,PROPN,1
kluar,PROPN,1
appny,PROPN,1
updae,NOUN,1
lma,NUM,1
tai,PROPN,1
ngarep,NOUN,1
bangus,PROPN,1
pendam,NOUN,1
baus,NUM,1
seadanya,NOUN,1
galaunya,NOUN,1
item,NOUN,1
adminnya,VERB,6
pemberitahuan,NOUN,2
balesann,NOUN,1
pling,NOUN,1
wow,NOUN,2
ngelihat,NOUN,1
merespinnya,NOUN,1
bro,NOUN,2
blum,PROPN,1
apo,PROPN,1
nihh,NUM,1
dipermudah,VERB,1
pembayarannyaa,NUM,1
kalimat,NOUN,1
menengahi,VERB,1
mantapp,PROPN,1
klinik,NOUN,1
tong,NOUN,1
fang,PROPN,1
expert,NOUN,3
berlian,NOUN,1
meninggalkan,VERB,2
obrolan,NOUN,1
aqu,PROPN,1
ma,VERB,1
nais,PROPN,1
blg,NOUN,1
ngbrol,NOUN,1
nge,PROPN,1
rate,NOUN,1
keterangan,NOUN,1
tapi,CONJ,1
ubtum,NOUN,1
amplikasi,NOUN,2
bia,VERB,1
official,NOUN,1
membalasnya,NOUN,1
pemikirannya,NOUN,1
mensupport,VERB,4
dijaga,VERB,1
unsur,NOUN,1
hate,NOUN,1
speech,PROPN,1
wawasan,NOUN,1
sikap,NOUN,1
wlo,PROPN,1
nyelesein,NOUN,1
mslh,PROPN,2
qta,PROPN,1
sepenuh,NOUN,1
dptin,NOUN,1
rubi,PROPN,3
dl,NOUN,1
gretong,NOUN,1
hehehe,NOUN,2
berminat,VERB,1
ngobrol,NOUN,1
comunity,PROPN,3
reliver,NOUN,2
comuntiy,PROPN,1
karen,PROPN,1
curhatan,NOUN,10
asikk,PROPN,1
suportnya,NUM,1
puass,NOUN,1
ustadnya,NUM,1
dikolom,NOUN,1
masmba,PROPN,2
membalas,VERB,2
messange,PROPN,1
badar,PROPN,1
ramdani,PROPN,1
brmanfaat,PROPN,1
owner,NOUN,1
diamond,NOUN,1
ruby,NOUN,16
message,PROPN,1
brani,PROPN,1
temnya,PROPN,1
insfirasinya,NUM,1
peringkat,NOUN,1
hmmm,PROPN,2
kyanya,PROPN,1
kwatir,NOUN,1
blsnya,PROPN,2
huff,PROPN,1
seruu,PROPN,1
sukaaaa,PROPN,2
bgttttttt,NUM,1
cri,PROPN,1
solisi,PROPN,1
samaran,NOUN,1
lumaya,PROPN,2
ttep,NOUN,1
streeessscopot,NOUN,1
pemasangan,NOUN,1
gereget,NOUN,1
pdahal,NUM,1
pertanyaan,NOUN,1
men,NOUN,1
dikembangkan,VERB,2
sukakk,PROPN,1
dek,NOUN,1
nyobain,PROPN,1
dgan,VERB,1
rahasiakan,NUM,1
tnpa,NOUN,1
trbebani,NUM,1
malu,NOUN,2
trmksih,NUM,1
wiii,PROPN,1
jawabanya,NUM,1
bangeett,NUM,1
apklikasi,PROPN,1
ty,NOUN,1
global,PROPN,1
mantaplaah,PROPN,1
leluasa,NOUN,1
kagum,VERB,1
pintar,ADJ,1
tetapiii,PROPN,1
saransaran,NOUN,1
tnya,PROPN,1
lulusan,NOUN,1
bafus,PROPN,1
responsif,PROPN,1
mh,PROPN,1
tmpat,NOUN,1
ngatasi,NOUN,1
sorry,PROPN,1
alodokter,NOUN,2
konsulnya,NOUN,1
personal,NOUN,1
made,PROPN,1
berdiskusi,VERB,1
tmn,PROPN,2
tungg,PROPN,1
peningjatany,NUM,1
ajaa,NOUN,1
dechh,NUM,1
kedepann,NOUN,1
care,PROPN,3
request,NOUN,2
failed,PROPN,1
due,PROPN,1
lack,PROPN,1
of,PROPN,2
network,NOUN,1
signal,NOUN,1
bacaan,NOUN,1
baaaguss,PROPN,1
want,NOUN,1
soul,ADJ,1
take,PROPN,1
us,PROPN,1
drespon,NOUN,1
konsultan,NOUN,1
bawel,NOUN,1
kepedulian,NOUN,1
yesss,PROPN,1
curhatanya,PROPN,1
silakan,X,1
dicek,VERB,1
boljug,PROPN,1
isengiseng,PROPN,1
ahihi,PROPN,1
keuntungan,NOUN,1
penjawab,NOUN,1
maksih,PROPN,1
comunnity,NOUN,1
orgnya,PROPN,2
active,NOUN,1
ngasi,NOUN,1
ketentraman,NOUN,1
pengiriman,NOUN,2
masuknya,NOUN,2
terhambat,VERB,1
ditinggalkan,VERB,1
notif,NUM,1
terkontrol,VERB,1
menjatuhkan,VERB,1
agr,NOUN,1
mndptkn,NUM,1
pencerahan,NOUN,1
trz,NOUN,1
trlalu,NOUN,1
dibanding,VERB,1
rbbulan,NOUN,1
telat,NOUN,2
curahan,NOUN,1
geratis,PROPN,1
tryta,PROPN,1
kpisikolog,PROPN,1
hrua,NOUN,1
ngatasin,NOUN,1
bipolar,NOUN,1
aq,PROPN,5
mslahnya,NOUN,1
terttp,PROPN,1
sneng,PROPN,1
qt,NOUN,1
add,NOUN,1
sopan,ADJ,2
okelah,PROPN,2
pndapt,NOUN,1
suport,NUM,1
lumayanlah,PROPN,1
nanggepin,NOUN,2
serius,ADJ,1
tanggepin,NUM,1
pakar,NOUN,1
psikologynya,NOUN,1
penggunaannya,NOUN,1
msih,NOUN,1
agsk,PROPN,1
tanggal,NOUN,1
desember,PROPN,1
kirim,NOUN,2
bukti,NOUN,1
transaksi,NOUN,1
rubynya,NOUN,1
bertambah,VERB,2
atw,PROPN,1
apalh,NUM,1
ngertiin,NUM,1
terkoneksi,VERB,2
internetpadahal,NOUN,1
tersambungtolong,NOUN,1
coc,NOUN,1
cr,PROPN,1
rekening,NOUN,1
materi,NOUN,1
ringanin,NOUN,1
memahaminya,VERB,1
promosi,NOUN,2
barcon,NUM,1
bayarpayah,NUM,1
ngedukung,NUM,1
ngerespon,NOUN,2
balesan,PROPN,4
doi,PROPN,1
ngirimnya,NUM,1
malem,NOUN,1
hedeeh,NUM,1
ditangapin,PROPN,1
solusitapi,NOUN,1
empati,NOUN,1
orangoranglain,NOUN,1
kegunaan,NOUN,1
seenggaa,PROPN,1
bicarakan,VERB,1
konsultasikan,NOUN,1
pemahaman,NOUN,1
logis,ADJ,1
senasib,PROPN,1
gb,PROPN,1
send,NOUN,2
pic,PROPN,1
mengharapkan,VERB,1
kembangin,NOUN,1
masaksih,NOUN,1
tempatnya,NOUN,1
ketimbang,ADP,1
anjingnya,NOUN,1
mantan,NOUN,1
batasan,NOUN,2
naggepin,PROPN,1
urhat,PROPN,1
dimari,PROPN,1
terpendam,VERB,1
ketahuan,VERB,1
bersifat,VERB,2
anonim,NOUN,2
nutup,NOUN,1
posting,NOUN,1
postingan,NOUN,1
relievernya,NUM,4
terkenal,ADJ,1
alhmdulilah,PROPN,1
kenak,NOUN,1
dikenakan,VERB,1
pinter,NOUN,1
kesulitanlogin,PROPN,1
tba,PROPN,1
pakainya,VERB,1
hood,PROPN,1
lov,PROPN,1
dikasi,NOUN,2
plus,NOUN,2
masalah,NOUN,1
menyelesakan,NOUN,1
sihh,NOUN,4
maksa,NOUN,1
sinyalnya,NOUN,1
diinstal,VERB,1
konek,NOUN,1
pavi,NOUN,1
check,NOUN,1
ntab,PROPN,1
avatar,NOUN,2
blokir,NOUN,1
sopanberbau,NOUN,1
disalahgunakan,VERB,1
soalny,NOUN,1
berbau,VERB,1
input,NOUN,1
invoice,NUM,1
idenya,NOUN,1
new,PROPN,1
member,NOUN,1
nyasar,VERB,1
forum,NOUN,1
spam,NOUN,1
sekaliiii,NOUN,1
bangey,NOUN,1
deee,PROPN,1
klau,NOUN,1
kluarin,NOUN,1
pndapat,NOUN,1
terbanty,NOUN,1
ngebantuin,PROPN,1
saluutt,NUM,1
diamon,NOUN,1
apikkk,PROPN,1
yaampun,PROPN,1
gada,PROPN,1
tt,PROPN,1
pdhal,PROPN,1
deket,PROPN,1
yaela,PROPN,1
biaa,NOUN,1
limitnya,PROPN,1
perminggu,PROPN,1
mhon,PROPN,1
jwabannya,PROPN,1
padhal,PROPN,1
hualaah,NUM,1
ceritanyaaa,NOUN,1
kotanya,NOUN,1
lengkapin,VERB,1
jember,PROPN,2
diskriminasi,NOUN,1
luas,ADJ,1
wawasannya,NOUN,1
sampek,NOUN,1
diklik,VERB,2
san,NOUN,1
mingguan,NOUN,2
hmmpt,NOUN,1
suntuknya,NOUN,1
keluarin,PROPN,1
unek,PROPN,1
pembatasan,NOUN,1
dihilangkan,VERB,1
aaku,PROPN,1
kurangi,NUM,2
masi,PROPN,1
bingiits,NUM,1
lawas,NOUN,1
dmana,NOUN,1
psikologmahasiswa,NOUN,1
levelruby,NUM,1
nyaranin,NOUN,1
batesin,NOUN,1
jelekk,PROPN,1
chek,PROPN,1
positiv,PROPN,1
works,PROPN,1
mengirim,VERB,1
kasihhh,PROPN,1
rubby,NOUN,1
v,PROPN,1
chatt,NOUN,1
balesnya,PROPN,3
semalem,NOUN,1
akurat,ADJ,1
revommended,NOUN,1
sat,PROPN,1
reg,PROPN,1
everythings,PROPN,1
responx,PROPN,1
jawabanx,PROPN,1
krg,NUM,1
dpnx,NUM,1
dikeluarin,NOUN,1
reliever,NOUN,1
available,NOUN,2
rest,NOUN,1
already,NOUN,1
berhari,VERB,1
blz,NOUN,1
emailku,NUM,1
terdaftarnya,NOUN,1
mimin,PROPN,2
balesin,PROPN,1
clear,NOUN,1
donlowad,NUM,1
register,PROPN,4
respone,NUM,1
dehhhhh,NUM,1
likeeee,PROPN,1
kerrenn,PROPN,1
deehh,NUM,1
releiver,NUM,1
hhe,NUM,1
mabtap,PROPN,1
membntu,PROPN,1
mksh,PROPN,1
malesss,NUM,1
titlenya,NOUN,1
karakter,NOUN,1
ditulis,VERB,1
title,PROPN,1
mksdnya,PROPN,1
judul,NOUN,1
syaratnya,NOUN,1
dilanjutkan,VERB,1
katakata,NOUN,1
istimewa,ADJ,1
ska,PROPN,1
pkir,NOUN,1
ramaaah,PROPN,1
pesannya,NOUN,1
cepetpanjang,PROPN,1
bbrpa,NUM,2
pesanlaamaaaa,PROPN,1
totally,PROPN,1
aydyfau,NUM,1
praktisi,NOUN,2
klien,NOUN,1
dipercaya,VERB,1
hmmmm,PROPN,2
kemajuan,NOUN,1
pskiologi,NOUN,1
indonesiaada,NOUN,1
pepatah,NOUN,1
sehatgood,NOUN,1
buay,PROPN,1
aps,ADV,2
sebar,NOUN,1
omel,NOUN,1
ngendap,PROPN,1
soslusi,NUM,1
ngerikan,NOUN,1
menang,VERB,1
ceritaku,NOUN,1
rahasia,NOUN,2
curhataku,NOUN,1
bisaakun,NOUN,1
menyemangati,VERB,1
bgmna,NUM,1
sbg,PROPN,1
relivier,NUM,1
baguus,PROPN,1
maksi,NUM,1
seakan,ADV,1
dibuku,NOUN,1
terbalas,ADJ,1
memecahkannya,NUM,1
yukk,PROPN,1
ahh,PROPN,1
curhattt,PROPN,1
penampung,PROPN,1
ruangnya,PROPN,1
kosong,NOUN,1
cobain,X,1
emailnya,NOUN,2
lagigimna,NUM,1
diriliv,NUM,1
diblssssss,NOUN,1
kpn,PROPN,1
ggal,NOUN,1
lanjutkan,VERB,1
permasalahnya,NUM,1
permintaan,NOUN,1
riiv,PROPN,1
nungguin,PROPN,1
zip,PROPN,1
jago,PROPN,1
balasnya,NOUN,1
dkk,PROPN,1
dorespon,NOUN,1
vanget,NUM,1
membesarkan,VERB,1
hatiku,NOUN,1
donk,NOUN,1
respond,NOUN,2
pindah,VERB,1
external,NOUN,1
ustadz,NOUN,1
kyai,NOUN,1
ulama,NOUN,1
trims,PROPN,1
rilivmembuat,NUM,1
bersikap,VERB,1
thanksadmin,ADJ,1
siiip,NOUN,1
superb,PROPN,1
tumpahkan,NOUN,1
dipendem,NOUN,1
ntr,NOUN,1
klu,NOUN,1
langit,NOUN,1
biglove,NOUN,1
gih,PROPN,1
msh,NOUN,1
dipercepat,VERB,1
acuh,NOUN,1
only,VERB,1
ngembantu,PROPN,1
comment,PROPN,1
bbm,PROPN,1
twiter,NOUN,1
hackfair,NOUN,2
sandi,NOUN,2
alasan,NOUN,1
pengunjung,NOUN,1
sifat,NOUN,1
calon,NOUN,1
prob,NUM,1
hohoo,NUM,1
anu,NOUN,1
cape,NOUN,1
dech,PROPN,1
riwet,NOUN,1
registrasi,NOUN,1
mmbntu,PROPN,1
aga,PROPN,1
percepat,PROPN,1
kokbaik,NUM,1
malaysia,NOUN,1
koneksinya,VERB,1
curthts,PROPN,1
